{
  "accuracy": 0.580952,
  "precision": 0.546448,
  "recall": 0.952381,
  "f1": 0.694444,
  "specificity": 0.209524,
  "confusion_matrix": {
    "tp": 100,
    "fp": 83,
    "tn": 22,
    "fn": 5
  },
  "roc_auc": 0.642222
}